{
  "Decision_Tree_Scratch": {
    "max": 0.864406779661017,
    "mean": 0.7744632768361583
  },
  "Random_Forest_Scratch": {
    "max": 0.864406779661017,
    "mean": 0.7980979284369115
  },
  "KNN_Scratch": {
    "max": 0.8983050847457628,
    "mean": 0.7677777777777777
  },
  "Logistic_Regression_Scratch": {
    "max": 0.847457627118644,
    "mean": 0.7980790960451978
  },
  "KNN_lib": {
    "max": 0.864406779661017,
    "mean": 0.7968549905838042
  },
  "Random_Forest_lib": {
    "max": 0.864406779661017,
    "mean": 0.7789453860640302
  },
  "Logistic_Regression_lib": {
    "max": 0.864406779661017,
    "mean": 0.8003201506591338
  }
}