{
    "Decision_Tree_Scratch": {
        "max": 0.864406779661017,
        "mean": 0.7744632768361583
    },
    "Random_Forest_Scratch": {
        "max": 0.864406779661017,
        "mean": 0.7992090395480227
    },
    "KNN_Scratch": {
        "max": 0.8983050847457628,
        "mean": 0.7677777777777777
    },
    "Logistic_Regression_Scratch": {
        "max": 0.847457627118644,
        "mean": 0.7980790960451978
    },
    "Naive_Bayes_Scratch": {
        "max": 0.864406779661017,
        "mean": 0.7958757062146893
    },
    "Random_Forest_lib": {
        "max": 0.864406779661017,
        "mean": 0.7856873822975518
    },
    "KNN_lib": {
        "max": 0.864406779661017,
        "mean": 0.7968549905838042
    },
    "Logistic_Regression_lib": {
        "max": 0.864406779661017,
        "mean": 0.8003201506591338
    },
    "Naive_Bayes_lib": {
        "max": 0.864406779661017,
        "mean": 0.7958757062146893
    }
}