{
    "Decision_Tree_Scratch": {
        "max": 0.864406779661017,
        "mean": 0.7744632768361583
    },
    "Decision_Tree_lib": {
        "max": 0.847457627118644,
        "mean": 0.7800564971751414
    },
    "Random_Forest_Scratch": {
        "max": 0.864406779661017,
        "mean": 0.7992278719397364
    },
    "Random_Forest_lib": {
        "max": 0.847457627118644,
        "mean": 0.7812052730696799
    },
    "KNN_Scratch": {
        "max": 0.8983050847457628,
        "mean": 0.7677777777777777
    },
    "KNN_lib": {
        "max": 0.864406779661017,
        "mean": 0.7968549905838042
    },
    "Logistic_Regression_Scratch": {
        "max": 0.847457627118644,
        "mean": 0.7980790960451978
    },
    "Logistic_Regression_lib": {
        "max": 0.864406779661017,
        "mean": 0.8003201506591338
    },
    "Naive_Bayes_Scratch": {
        "max": 0.864406779661017,
        "mean": 0.7958757062146893
    },
    "Naive_Bayes_lib": {
        "max": 0.864406779661017,
        "mean": 0.7958757062146893
    },
    "Perceptron_Scratch": {
        "max": 0.7627118644067796,
        "mean": 0.6845951035781543
    },
    "Perceptron_lib": {
        "max": 0.8166666666666667,
        "mean": 0.6977966101694916
    }
}